race_id,athlete_id,swim,t1,bike,t2,run,overall,notes
394359,5546,00:21:20,00:00:00,01:05:12,00:00:00,00:36:25,02:02:57,Reinders has incorrect overall time 
673634,159129,00:09:57,00:01:10,00:00:00,00:00:16,00:00:00,01:07:53,Miriam Lopez Arenazas runtime is split across run and bike; both removed for consistency. Overall time remains correct
6430,47698,00:12:27,00:01:04,00:44:08,00:00:22,00:24:06,01:22:07,Louise Montoisy has incorrect run (should be 24:06)
582158,166239,00:09:18,00:00:36,00:30:56,00:00:31,00:20:01,01:01:19,Mateo Pesantez is missing the hour from overall time
336877,49541,00:00:00,00:00:00,00:00:00,00:00:00,00:00:00,01:38:45,Calum Johnson has nonsensial splits and overall time; overall time has been interpolated from others
550676,124356,00:18:51,00:01:07,01:00:16,00:00:34,00:34:23,01:55:11,Eduardo Nuñez Gomez bike time was 00:01:00; missing an hour
545457,68564,00:09:29,00:00:40,00:30:33,00:00:00,00:00:00,00:56:42,Henry Räppo run split is half-measured by T2; remove both for consistency (overall time and other splits remains correct)
545457,95395,00:09:48,00:00:39,00:31:55,00:08:26,00:08:27,00:59:15,Kevin Vabaorg run split is half-measured by T2; remove both for consistency (overall time and other splits remains correct)
545905,49284,00:03:45,00:01:23,00:12:37,00:00:32,00:00:00,00:00:00,Donald Hillebregt run and overall time are incorrect for his position; both removed for consistency
26480,47782,00:00:00,00:00:00,00:00:00,00:00:00,00:00:00,02:05:20,Luisa Baptista has run split of 00:02:05; removed for consistency. Overall time remains correct
281289,83241,00:09:55,00:01:13,00:35:09,00:00:00,00:00:00,01:09:08,Marije Dankelman run split is half-measured by T2; remove both for consistency (overall time and other splitsremains correct)
320159,13898,00:21:50,00:00:00,00:00:00,00:00:00,00:00:00,02:00:03,Split times not included in original results; set to 0
320159,86418,00:21:45,00:00:00,00:00:00,00:00:00,00:00:00,02:00:07,Split times not included in original results; set to 0
320159,96127,00:21:44,00:00:00,00:00:00,00:00:00,00:00:00,02:04:06,Split times not included in original results; set to 0
320159,115503,00:24:14,00:00:00,00:00:00,00:00:00,00:00:00,02:04:32,Split times not included in original results; set to 0
320159,111278,00:23:56,00:00:00,00:00:00,00:00:00,00:00:00,02:05:56,Split times not included in original results; set to 0
320159,60974,00:24:04,00:00:00,00:00:00,00:00:00,00:00:00,02:06:08,Split times not included in original results; set to 0
320159,109636,00:25:52,00:00:00,00:00:00,00:00:00,00:00:00,02:08:57,Split times not included in original results; set to 0
320159,91577,00:25:53,00:00:00,00:00:00,00:00:00,00:00:00,02:09:44,Split times not included in original results; set to 0
320159,121493,00:29:50,00:00:00,00:00:00,00:00:00,00:00:00,02:12:54,Split times not included in original results; set to 0
320159,106833,00:27:50,00:00:00,00:00:00,00:00:00,00:00:00,02:17:46,Split times not included in original results; set to 0
3358,5515,00:19:23,00:00:36,01:02:49,00:00:36,00:39:57,02:04:05,Josie Loane run split was incorrectly recorded as 00:00:44; corrected to 00:39:57
675869,162677,00:00:00,00:00:00,00:00:00,00:00:00,00:00:00,01:05:49,Gyeongmin Park has no splits at all
394359,5546,00:21:20,00:00:00,01:05:12,00:00:00,00:36:25,02:02:57,Ina Reinders missing 2 hours from overall time; splits remain correct
2784,10165,00:23:57,00:00:00,00:00:00,00:00:00,00:00:00,02:06:33,Isabelle Mouthon-Michellys has an incorrect run time of 00:01:41; overall time remains correct
265633,72976,00:10:55,00:00:42,00:29:49,00:00:29,00:18:10,01:00:05,Tom Stead overall recalculated from splits
265633,86390,00:09:45,00:00:59,00:32:58,00:00:40,00:16:40,01:01:02,Jacob Anson overall recalculated from splits
265633,86393,00:11:04,00:00:42,00:31:11,00:00:30,00:17:45,01:01:12,Michael Beech overall recalculated from splits
265633,72969,00:00:00,00:00:00,00:00:00,00:00:37,00:19:05,01:01:45,Nicholas Haworth has incorrect overall time and missing splits; interpolated overall time from others
265633,86389,00:09:57,00:00:59,00:31:20,00:00:28,00:19:34,01:02:18,Eli Gibney overall recalculated from splits
259649,30087,00:09:29,00:00:37,00:31:43,00:00:28,00:18:14,01:00:31,Paulius Dapkus overall recalculated from splits
259649,11814,00:09:34,00:00:38,00:33:43,00:00:31,00:16:54,01:01:20,Viktors Vovrusko overall recalculated from splits
259649,70152,00:10:07,00:00:43,00:32:37,00:00:26,00:17:32,01:01:25,Jarno Stenroos overall recalculated from splits
259649,63758,00:09:45,00:00:00,00:00:00,00:00:00,00:00:00,01:02:24,Pavan Rooprai has incorrect overall time and missing splits; interpolated overall time from others
259649,46678,00:09:24,00:00:34,00:35:26,00:00:25,00:17:33,01:03:22,Rory Sexton overall recalculated from splits
259649,74349,00:10:49,00:00:39,00:35:17,00:00:34,00:18:05,01:05:24,Maksims Nagibins overall recalculated from splits
259649,74383,00:09:50,00:00:45,00:36:13,00:00:32,00:19:39,01:06:59,Stanislavs Vaipans overall recalculated from splits
259649,61338,00:10:52,00:00:34,00:35:19,00:00:31,00:20:21,01:07:37,Artjoms Scerbakovs overall recalculated from splits
307376,86049,00:10:35,00:00:20,00:32:33,00:00:23,00:16:12,01:00:03,Maria Bibicheva overall recalculated from splits
307376,96557,00:10:50,00:00:21,00:32:16,00:00:23,00:17:22,01:01:12,Elizaveta Pokrovskaia overall recalculated from splits
307376,102390,00:11:11,00:00:23,00:34:04,00:00:27,00:15:18,01:01:23,Veronika Srurtdinova overall recalculated from splits
307376,115050,00:11:11,00:00:22,00:34:05,00:00:27,00:15:31,01:01:36,Ekaterina Shabalina overall recalculated from splits
307376,102388,00:11:37,00:00:25,00:33:32,00:00:22,00:15:53,01:01:59,Daria Gordeeva overall recalculated from splits
307376,106712,00:10:32,00:00:28,00:35:47,00:00:21,00:14:55,01:02:03,Tatiana Baskakova overall recalculated from splits
307376,106713,00:10:39,00:00:23,00:34:37,00:00:21,00:16:06,01:02:06,Valeria Nagornaia overall recalculated from splits
307376,110111,00:11:06,00:00:29,00:34:01,00:00:21,00:17:55,01:04:52,Elizaveta Kremkova overall recalculated from splits
307376,96759,00:10:48,00:00:21,00:37:28,00:00:21,00:14:56,01:03:54,Valentina Riasova overall recalculated from splits
307376,102389,00:11:38,00:00:23,00:35:08,00:00:27,00:16:42,01:04:18,Anastasia Sgibneva overall recalculated from splits
307376,102387,00:11:35,00:00:25,00:35:14,00:00:27,00:17:40,01:05:21,Tatiana Lihtorovich overall recalculated from splits
307376,106532,00:11:43,00:00:25,00:35:33,00:00:21,00:18:21,01:06:23,Nadezhda Klenina overall recalculated from splits
2784,14217,00:25:07,00:00:00,00:00:00,00:00:00,00:00:00,02:09:33,Carmen Ochoa has 1:43 run split; overall remains correct. TODO: Recalc run
2784,6515,00:00:00,00:00:00,00:00:00,00:00:00,00:00:00,02:09:47,Gail Laurence has 2:09 run split; overall remains correct. TODO: Recalc run
2706,10188,00:21:44,00:00:52,00:00:00,00:00:52,00:34:57,01:58:52,Isabelle Turcotte-Baird has 01:00 bike split; overall remains corect. TODO: Recalc bike
3320,7832,00:09:54,00:02:44,00:00:00,00:02:16,00:22:15,01:38:15,Laisse Stephanie Sousa has 01:01 bike split; overall remains correct. TODO: Recalc bike
327467,5370,00:00:00,00:00:30,01:10:49,00:00:29,00:38:59,02:10:51,Beatrice Lanza has 00:01 swim split; overall remains correct. TODO: Recalc swim
2087,8616,00:23:22,00:00:00,00:00:00,00:01:03,00:39:00,02:14:08,Kelly Couch has 01:40 run split; overall remains correct. TODO: Recalc bike
2830,9717,00:21:44,00:00:00,00:00:00,00:00:00,00:00:00,02:08:14,Justine Whipple has 01:46 run split; overall remains correct
5685,18758,00:13:01,00:00:29,00:32:38,00:00:24,00:00:00,01:48:36,Jip Veelenturf has 01:01 run split; overall remains correct. TODO: Recalc run
8183,44627,00:00:00,00:00:00,00:00:00,00:00:00,00:51:23,02:28:25,Zoya Kasheeva has nonsensical splits other than run and overall; othes removed for consistency
8183,41579,00:00:00,00:00:00,00:00:00,00:00:00,00:52:51,02:29:51,Ece Calp has nonsensical splits other than run and overall; others removed for consistency
265574,58811,00:09:36,00:00:00,00:00:00,00:00:00,00:19:02,01:06:25,Andrea Berenice Gutierrez Gonzalez bike time is split across T1 and bike; both removed for consistency
265574,57824,00:09:48,00:00:00,00:00:00,00:00:00,00:19:08,01:06:31,Vanesa De La Torre bike time is split across T1 and bike; both removed for consistency
265574,73426,00:09:09,00:00:00,00:00:00,00:00:00,00:20:06,01:07:32,Lizeth Rueda Santos bike time is split across T1 and bike; both removed for consistency
265574,80418,00:09:46,00:00:00,00:00:00,00:00:00,00:22:59,01:10:55,Sandra Ruiz bike time is split across T1 and bike; both removed for consistency
259502,57823,00:00:00,00:00:00,00:00:00,00:00:00,00:00:00,01:06:38,Valeria Antuna has 01:07 run split; removed for constistency
264780,47782,00:00:00,00:00:00,00:00:00,00:00:00,00:00:00,02:05:20,Luisa Baptista has 02:05 run split; removed for consistency
264796,47782,00:00:00,00:00:00,00:00:00,00:00:00,00:00:00,02:05:20,Luisa Baptista has 02:05 run split; removed for consistency
264797,73283,00:00:00,00:00:00,00:00:00,00:00:00,00:00:00,1:03:40,Veronique Demers has 01:04 run split; removed for consistency
270907,6963,00:19:52,00:00:21,00:00:00,00:00:23,00:34:38,01:56:31,Irina Abysova has incorrect bike time; removed for consistency. TODO: Recalc bike
270907,9852,00:19:51,00:00:20,00:00:00,00:00:20,00:35:08,01:57:01,Alexandra Razarenova has incorrect bike time; removed for consistency. TODO: Recalc bike
270907,14196,00:19:56,00:00:20,00:00:00,00:00:20,00:35:31,01:57:23,Mariya Shorets has incorrect bike time; removed for consistency. TODO: Recalc bike
270907,46579,00:19:12,00:00:23,00:00:00,00:00:20,00:35:49,01:57:43,Anastasia Abrosimova has incorrect bike time; removed for consistency. TODO: Recalc bike
270907,75637,00:19:58,00:00:22,00:00:00,00:00:23,00:36:46,01:58:40,Liubov Polyanskaya has incorrect bike time; removed for consistency. TODO: Recalc bike
270907,17984,00:20:38,00:00:24,00:00:00,00:00:22,00:33:44,01:59:21,Arina Shulgina has incorrect bike time; removed for consistency. TODO: Recalc bike
270907,110113,00:19:52,00:00:20,00:00:00,00:00:21,00:38:43,02:00:37,Inna Tutukina has incorrect bike time; removed for consistency. TODO: Recalc bike
270907,9819,00:20:40,00:00:25,00:00:00,00:00:23,00:36:21,02:01:57,Anna Burova has incorrect bike time; removed for consistency. TODO: Recalc bike
270907,9817,00:20:45,00:00:26,00:00:00,00:00:35,00:40:18,02:06:15,Olga Dmitrieva has incorrect bike time; removed for consistency. TODO: Recalc bike
270907,49078,00:19:10,00:00:27,00:00:00,00:00:22,00:36:56,01:58:53,Anastasia Gorbunova has incorrect bike time; removed for consistency.
270907,29844,00:20:37,00:00:24,00:00:00,00:00:27,00:36:38,02:02:21,Anastasia Polyanskaya Protasenya has incorrect bike time; removed for consistency.
270907,29843,00:20:40,00:00:20,00:00:00,00:00:26,00:38:36,02:04:19,Olga Agapova has incorrect bike time; removed for consistency. TODO: Recalc bike
270907,70468,00:19:57,00:00:22,00:00:00,00:00:26,00:40:11,02:05:56,Maria Molyarova has incorrect bike time; removed for consistency. TODO: Recalc bike
270907,26398,00:20:41,00:00:24,00:00:00,00:00:25,00:41:08,02:06:47,Anastasiya Vasilyeva has incorrect bike time; removed for consistency. TODO: Recalc bike
270907,50029,00:21:23,00:00:23,00:00:00,00:00:25,00:39:00,02:07:24,Elena Lokhmanova has incorrect bike time; removed for consistency. TODO: Recalc bike
270907,76350,00:22:43,00:00:48,00:00:00,00:01:06,00:39:45,02:10:35,Oxana Kucherenko has incorrect bike time; removed for consistency. TODO: Recalc bike
282479,80108,00:27:52,00:01:27,00:00:00,00:00:44,00:43:18,02:30:52,Martina Olcheski-Bell has incorrect bike time; removed for consistency. TODO: Recalc bike
282479,49937,00:31:43,00:00:49,00:00:00,00:00:50,00:42:53,02:31:19,Julia Hawley has incorrect bike time; removed for consistency. TODO: Recalc bike
282479,89044,00:30:49,00:00:55,00:00:00,00:00:37,00:43:19,02:33:38,Kristen Palmer has incorrect bike time; removed for consistency. TODO: Recalc bike
282479,77484,00:26:01,00:01:05,00:00:00,00:00:27,00:53:03,02:39:40,Belinda Castree has incorrect bike time; removed for consistency. TODO: Recalc bike
282479,89421,00:36:16,00:01:07,00:00:00,00:00:57,00:48:32,02:52:23,Kandis Matthews has incorrect bike time; removed for consistency. TODO: Recalc bike
282479,102884,00:36:10,00:01:15,00:00:00,00:01:02,00:50:04,02:59:32,Christine Patton has incorrect bike time; removed for consistency. TODO: Recalc bike
282479,99924,00:38:13,00:01:25,00:00:00,00:00:57,00:49:59,03:00:19,Sarah Farrar has incorrect bike time; removed for consistency. TODO: Recalc bike
282479,102885,00:37:50,00:01:05,00:00:00,00:00:46,00:51:55,03:09:39,Jennie Lightbourne has incorrect bike time; removed for consistency. TODO: Recalc bike
308981,110592,00:21:50,00:00:00,01:39:20,00:00:00,00:00:00,03:05:44,Jen Andrews has 01:04 run split; removed for consistency. TODO: Recalc run 
308984,111021,00:16:16,00:00:00,00:00:00,00:00:00,00:35:08,02:04:05,Amber Stevens has a 01:13 bike split; removed for consistency. TODO: Recalc bike
282703,96584,00:09:23,00:00:29,00:39:40,00:00:00,00:00,01:10:24,Grace Hobbs run time is split across T2 and run; both removed for consistency
282134,102648,00:00:00,00:00:00,00:00:00,00:00:00,00:00:00,01:20:03,Camille Watteyna has nonsensical splits; all removed for consistency
280617,80730,00:00:00,00:00:00,00:00:00,00:00:00,00:00:00,01:03:28,Elizabeth Stannard has run split of 01:03; removed for consistency
280711,81062,00:13:23,00:00:34,00:00:00,00:00:00,00:23:28,01:15:43,Anna Wilkinson run time is split across T2 and run; both removed for consistency
309042,101280,00:26:03,00:00:52,00:00:00,00:00:37,00:48:01,02:33:03,Jenna Ross has incorrect bike split; overall remains correct. TODO: Recalc bike
309042,111062,00:22:09,00:00:25,00:00:00,00:00:29,00:55:26,02:35:09,Alex Bovell has incorrect bike split; overall remains correct. TODO: Recalc bike
309042,111063,00:36:26,00:01:17,00:00:00,00:01:30,01:00:42,03:06:58,Gina Hart has incorrect bike split; overall remains correct. TODO: Recalc bike
309042,111064,00:31:21,00:01:53,00:00:00,00:03:00,01:08:44,03:19:36,Janelle Zakour has incorrect bike split; overall remains correct. TODO: Recalc bike
309042,111065,00:38:28,00:01:56,00:00:00,00:02:12,01:07:33,03:22:15,Cherise Stauble has incorrect bike split; overall remains correct. TODO: Recalc bike
309042,111066,00:38:29,00:01:54,00:00:00,00:02:11,01:07:32,03:22:15,Jacqueline Sabga has incorrect bike split; overall remains correct. TODO: Recalc bike
309042,111067,00:33:06,00:00:48,00:00:00,00:00:59,01:12:03,03:25:12,Ruth Rudden has incorrect bike split; overall remains correct. TODO: Recalc bike
309042,111068,00:41:19,00:01:36,00:00:00,00:01:07,01:11:53,03:36:13,Aliya Drakes has incorrect bike split; overall remains correct. TODO: Recalc bike
309574,101296,00:21:33,00:00:57,00:00:00,00:00:41,00:00:38:52,02:05:33,Stefanie Gouveia has bike split of 01:04. TODO: Recalc bike
310497,73284,00:23:02,00:00:33,01:06:42,00:00:44,00:45:49,02:16:50,Hannah Cutajar has incorrect bike split; recalcuated from remaining splits
310497,83248,00:23:41,00:00:39,01:11:33,00:00:53,00:47:37,02:24:23,Margaret Seguna has incorrect bike split; recalcuated from remaining splits
310497,105294,00:25:10,00:00:31,01:05:41,00:00:53,00:54:07,02:26:22,Michelle Vella Wood has incorrect bike split; recalcuated from remaining splits
310497,95464,00:26:37,00:00:32,01:12:21,00:00:52,00:48:12,02:28:34,Lara Buttigieg has incorrect bike split; recalcuated from remaining splits
310497,102321,00:30:32,00:01:39,01:26:59,00:01:12,00:47:53,02:48:15,Felicienne Mercieca has incorrect bike split; recalcuated from remaining splits
310497,111610,00:29:56,00:01:23,01:36:26,00:00:59,00:46:32,02:55:16,Karen Amato has incorrect bike split; recalcuated from remaining splits
310497,29810,00:30:56,00:01:13,00:00:00,00:01:17,00:00:00,02:57:23,Suzanna Farrugia has short bike and run split; both removed for consistency
310497,111606,00:38:24,00:01:03,00:00:00,00:01:02,00:00:00,03:07:53,Claire Azzopardi has short bike and run split; both removed for consistency
310497,91696,00:26:46,00:01:43,00:00:00,00:01:21,00:00:00,03:15:42,Marian Belsten has short bike and run split; both removed for consistency
310497,111611,00:34:48,00:02:03,00:00:00,00:01:25,00:00:00,03:17:13,Nanette Farrugia has short bike and run split; both removed for consistency
389432,8045,00:00:00,00:00:00,00:00:00,00:00:00,00:00:00,02:31:00,Sergio Muciño has incorrect overall time; time interpolated from competition
264795,47782,00:00:00,00:00:00,00:00:00,00:00:00,00:00:00,2:05:20,Luisa Baptista has incorrect run split. Removed for consistency
333117,96688,00:10:00,00:00:41,00:31:38,00:00:26,00:18:18,01:01:03,Pauline Landron has incorrectly formatted overall time; recalculated from splits
333117,104333,00:10:01,00:00:43,00:31:36,00:00:29,00:19:28,01:02:17,Jessica Fullagar has incorrectly formatted overall time; recalculated from splits
333117,96747,00:09:58,00:00:44,00:31:37,00:00:25,00:20:26,01:03:10,Emma Ducreux has incorrectly formatted overall time; recalculated from splits
333117,96812,00:09:59,00:00:49,00:31:37,00:00:31,00:20:41,01:03:37,Julie Iemmolo has incorrectly formatted overall time; recalculated from splits
333117,104946,00:10:31,00:00:45,00:32:49,00:00:29,00:19:11,01:03:45,Audrey Ducornet has incorrectly formatted overall time; recalculated from splits
333117,117232,00:10:52,00:00:46,00:32:24,00:00:29,00:19:29,01:04:00,Marine Vetillard has incorrectly formatted overall time; recalculated from splits
333117,111231,00:10:26,00:00:44,00:32:52,00:00:29,00:19:36,01:04:07,Blandine Guilloteau has incorrectly formatted overall time; recalculated from splits
333117,122662,00:10:34,00:00:47,00:32:46,00:00:31,00:19:47,01:04:25,Laurie Maisonneuve has incorrectly formatted overall time; recalculated from splits
333117,128131,00:10:39,00:00:47,00:32:39,00:00:30,00:20:20,01:04:55,Ines De Poorter has incorrectly formatted overall time; recalculated from splits
333117,117233,00:10:27,00:00:44,00:32:50,00:00:34,00:20:33,01:05:08,Juliette Duquesne has incorrectly formatted overall time; recalculated from splits
333117,106878,00:10:51,00:00:46,00:32:22,00:00:27,00:20:51,01:05:17,Juliette Mahe has incorrectly formatted overall time; recalculated from splits
333117,128132,00:10:48,00:00:51,00:32:26,00:00:31,00:20:47,01:05:23,Edmee Lachat has incorrectly formatted overall time; recalculated from splits
333117,106467,00:10:25,00:00:43,00:32:55,00:00:25,00:21:17,01:05:45,Mathilde Serodon has incorrectly formatted overall time; recalculated from splits
333117,128064,00:10:52,00:00:43,00:32:31,00:00:28,00:21:14,01:05:48,Marjolaine Pierre has incorrectly formatted overall time; recalculated from splits
333117,128133,00:10:53,00:00:51,00:33:30,00:00:45,00:19:53,01:05:52,Juliette Noyer has incorrectly formatted overall time; recalculated from splits
339728,119222,00:25:06,00:01:04,01:29:11,00:00:41,01:02:38,02:58:40,Megan Charles has incorrectly formatted run split; recalcuated from other splits
339728,111066,00:36:44,00:02:33,01:32:53,00:01:51,01:03:50,03:17:51,Jacqueline Sabga has incorrectly formatted run split; recalcuated from other splits
339728,111065,00:36:45,00:02:32,01:32:57,00:01:48,01:03:49,03:17:51,Cherise Stauble has incorrectly formatted run split; recalcuated from other splits
229728,132386,00:33:05,00:01:38,01:34:09,00:00:58,01:11:52,03:21:42,Alana Lee Wo has incorrectly formatted run split; recalcuated from other splits
352718,142126,00:29:08,00:00:59,01:18:39,00:01:00,00:55:58,02:45:44,Reka Kara has incorrectly formatted run split; relcaulcated from other splits
352718,21501,00:30:34,00:02:01,01:17:12,00:01:03,00:59:28,02:50:18,Daniela Kamburova has incorrectly formatted run split; relcaulcated from other splits
352718,142116,00:39:06,00:01:28,01:21:16,00:01:11,00:56:13,02:59:14,Vesela Mackic has incorrectly formatted run split; relcaulcated from other splits
352718,142127,00:38:47,00:01:08,01:25:49,00:00:31,00:53:17,02:59:32,Branka Jerkov has incorrectly formatted run split; relcaulcated from other splits
352718,142128,00:37:32,00:01:30,01:22:48,00:01:26,01:00:34,03:03:50,Ruzica Smelcerovic has incorrectly formatted run split; relcaulcated from other splits
352718,142129,00:49:36,00:03:42,01:27:21,00:01:05,01:04:49,03:26:33,Ana Atanasoska has incorrectly formatted run split; relcaulcated from other splits
352718,142131,00:37:37,00:02:18,01:46:54,00:00:54,01:02:36,03:30:19,Milea Zdravkovic has incorrectly formatted run split; relcaulcated from other splits
352718,142133,00:47:18,00:06:28,01:45:33,00:04:02,00:55:47,03:39:08,Diliana Markova has incorrectly formatted run split; relcaulcated from other splits
352718,142134,00:43:28,00:03:14,01:43:04,00:01:29,01:19:58,03:51:13,Svetlana Dalovic has incorrectly formatted run split; relcaulcated from other splits
351399,85453,00:36:21,00:10:25,00:00:00,00:00:36,00:18:39,01:07:42,Bike split has likely been measured across swim and T1. Bike split has been removed for consistency
351399,29108,00:36:23,00:10:25,00:00:00,00:00:39,00:18:33,01:07:43,Bike split has likely been measured across swim and T1. Bike split has been removed for consistency
351399,21487,00:35:21,00:10:30,00:00:00,00:00:41,00:18:42,01:07:53,Bike split has likely been measured across swim and T1. Bike split has been removed for consistency
351399,39533,00:36:23,00:10:24,00:00:00,00:00:37,00:19:44,01:08:48,Bike split has likely been measured across swim and T1. Bike split has been removed for consistency
351399,20573,00:36:11,00:10:31,00:00:00,00:00:39,00:19:51,01:09:01,Bike split has likely been measured across swim and T1. Bike split has been removed for consistency
351399,25161,00:36:07,00:10:32,00:00:00,00:00:38,00:21:11,01:10:18,Bike split has likely been measured across swim and T1. Bike split has been removed for consistency
351399,113127,00:38:36,00:10:51,00:00:00,00:00:40,00:20:11,01:12:01,Bike split has likely been measured across swim and T1. Bike split has been removed for consistency
351399,93997,00:37:31,00:10:31,00:00:00,00:00:46,00:21:40,01:12:57,Bike split has likely been measured across swim and T1. Bike split has been removed for consistency
351399,132852,00:39:04,00:10:54,00:00:00,00:00:42,00:20:54,01:13:34,Bike split has likely been measured across swim and T1. Bike split has been removed for consistency
351399,30828,00:38:25,00:11:41,00:00:00,00:00:43,00:21:08,01:13:51,Bike split has likely been measured across swim and T1. Bike split has been removed for consistency
351399,168259,00:38:58,00:11:12,00:00:00,00:00:52,00:21:15,01:14:07,Bike split has likely been measured across swim and T1. Bike split has been removed for consistency
351399,30829,00:38:27,00:11:41,00:00:00,00:00:40,00:21:45,01:14:30,Bike split has likely been measured across swim and T1. Bike split has been removed for consistency
351399,121666,00:39:06,00:10:58,00:00:00,00:00:43,00:21:58,01:14:42,Bike split has likely been measured across swim and T1. Bike split has been removed for consistency
351399,131972,00:40:06,00:10:28,00:00:00,00:00:41,00:23:05,01:15:51,Bike split has likely been measured across swim and T1. Bike split has been removed for consistency
351399,107632,00:40:03,00:10:23,00:00:00,00:00:48,00:24:20,01:16:50,Bike split has likely been measured across swim and T1. Bike split has been removed for consistency
351399,112700,00:40:33,00:11:38,00:00:00,00:00:49,00:22:36,01:16:57,Bike split has likely been measured across swim and T1. Bike split has been removed for consistency
351399,123072,00:38:10,00:11:56,00:00:00,00:00:40,00:25:52,01:18:32,Bike split has likely been measured across swim and T1. Bike split has been removed for consistency
351399,121577,00:41:48,00:11:58,00:00:00,00:00:53,00:22:21,01:19:22,Bike split has likely been measured across swim and T1. Bike split has been removed for consistency
351399,143473,00:46:24,00:11:39,00:00:00,00:00:51,00:22:29,01:22:42,Bike split has likely been measured across swim and T1. Bike split has been removed for consistency
351399,123975,00:45:05,00:10:45,00:00:00,00:00:50,00:25:10,01:24:00,Bike split has likely been measured across swim and T1. Bike split has been removed for consistency
351399,132495,00:46:57,00:12:24,00:00:00,00:00:49,00:25:14,01:27:45,Bike split has likely been measured across swim and T1. Bike split has been removed for consistency
543624,142030,00:24:05,00:00:27,01:11:34,00:00:34,00:41:46,02:18:26,Inga Paplauske has incorrectly formatted bike split; recalculated from other splits
543624,124809,00:26:59,00:01:15,01:09:37,00:00:48,00:43:20,02:21:59,Inga Aukselyte has incorrectly formatted bike split; recalculated from other splits
543624,106299,00:24:40,00:00:41,01:12:35,00:00:54,00:44:06,02:22:56,Unė Narkūnaitė has incorrectly formatted bike split; recalculated from other splits
543624,164141,00:29:34,00:01:40,01:11:58,00:00:58,00:42:22,02:26:32,Indre Sabaliunaite has incorrectly formatted bike split; recalculated from other splits
543624,142031,00:26:41,00:01:20,01:15:15,00:00:41,00:43:08,02:27:05,Ieva Urbonavičiūtė has incorrectly formatted bike split; recalculated from other splits
543624,164142,00:32:14,00:01:33,01:10:59,00:00:58,00:47:43,02:33:27,Vitalija Miezyte has incorrectly formatted bike split; recalculated from other splits
543624,142046,00:27:03,00:00:37,01:15:34,00:00:49,00:50:54,02:34:57,Sigita Sidlauskiene has incorrectly formatted bike split; recalculated from other splits
543624,142047,00:39:19,00:00:53,01:10:23,00:00:34,00:46:21,02:37:30,Viktorija Kalvelyte has incorrectly formatted bike split; recalculated from other splits
543624,101217,00:32:54,00:01:10,01:17:43,00:00:52,00:48:11,02:40:50,Polina Cachovskaja has incorrectly formatted bike split; recalculated from other splits
543624,164143,00:31:49,00:01:11,01:23:25,00:00:51,00:50:04,02:47:20,Jurgita Paulauskienė has incorrectly formatted bike split; recalculated from other splits
544944,164451,00:36:32,00:03:01,01:35:40,00:03:07,01:00:47,03:19:07,Milana Siminel has incorrectly formatted run split; recalculated from other splits
586039,174816,00:32:18,00:02:30,01:09:44,00:00:54,00:56:09,02:41:35,Lauren Turner has incorrectly formatted bike split; recalculated from other splits
586039,174817,00:36:15,00:04:00,01:24:00,00:01:04,01:26:46,03:32:05,Emma Wishire has incorrectly formatted bike and run splits; recalculated from other splits
570919,160712,00:19:12,00:00:21,01:10:18,00:00:23,00:47:10,02:17:24,Adriana N. Acevedo has incorrectly formatted bike split; recalculated from other splits
570919,77122,00:32:00,00:01:06,01:20:45,00:00:59,00:58:21,02:53:11,Annette Rivera has incorrectly formatted bike split; recalculated from other splits
570919,170616,00:34:51,00:01:20,01:23:00,00:01:16,01:04:51,03:05:18,Yesenia Casto has incorrectly formatted bike and run splits; recalculated from other splits
570919,170617,00:40:52,00:02:06,01:49:00,00:02:46,01:16:19,03:51:03,Mia Lin has incorrectly formatted bike and run splits; recalculated from other splits
580189,173209,00:11:28,00:01:07,00:40:38,00:00:40,00:25:00,01:18:53,Lenka Stepanova has incorrect run split; recalculated from other splits
571588,170850,00:42:31,00:02:07,01:13:46,00:02:22,01:02:02,03:02:48,Zrinka Banovčić has incorrectly formatted run split; recalculated from other splits
580132,173173,00:23:11,00:00:48,01:00:15,00:01:31,00:37:16,02:03:01,Anna Bergsten has incorrectly formatted bike split; recalculated from other splits
580132,72782,00:20:13,00:00:32,01:04:47,00:01:00,00:42:22,02:08:54,Marie Carlsson has incorrectly formatted bike split; recalculated from other splits
580132,94968,00:24:51,00:00:38,01:07:22,00:00:58,00:39:49,02:13:38,Jenny Nilsson has incorrectly formatted bike split; recalculated from other splits
580132,162523,00:24:52,00:00:37,01:06:10,00:01:00,00:41:23,02:14:02,Rebecka Forsström has incorrectly formatted bike split; recalculated from other splits
580132,165716,00:23:00,00:00:47,01:10:13,00:00:58,00:45:41,02:20:39,Mathilda Nilsson has incorrectly formatted bike split; recalculated from other splits
580132,137912,00:23:35,00:01:06,01:11:25,00:01:09,00:44:40,02:21:55,Siri Ohrankämmen has incorrectly formatted bike split; recalculated from other splits
580132,173174,00:23:10,00:00:54,01:11:10,00:01:08,00:48:12,02:24:34,Linda Brännlund has incorrectly formatted bike split; recalculated from other splits
580132,173175,00:28:12,00:02:27,01:11:26,00:01:27,00:50:56,02:34:28,Emilia Lindström has incorrectly formatted bike split; recalculated from other splits
677475,123682,00:09:03,00:00:55,00:27:10,00:00:24,00:15:36,00:53:08,Maciej Bruzdziak swim parsed as HH:MM:SS instead of MM:SS; divided by 60
677475,141545,00:09:02,00:00:51,00:27:16,00:00:24,00:17:28,00:55:01,Mateusz Gluszkowski swim parsed as HH:MM:SS instead of MM:SS; divided by 60
677475,143337,00:10:07,00:00:47,00:28:04,00:00:26,00:15:39,00:55:03,Kamil Kulik swim parsed as HH:MM:SS instead of MM:SS; divided by 60
677475,180819,00:09:51,00:00:50,00:28:18,00:00:30,00:15:44,00:55:13,Jakub Suchan swim parsed as HH:MM:SS instead of MM:SS; divided by 60
677475,170009,00:09:57,00:00:51,00:28:11,00:00:25,00:16:28,00:55:52,Kacper Serwiński swim parsed as HH:MM:SS instead of MM:SS; divided by 60
677475,167350,00:09:54,00:00:53,00:28:14,00:00:27,00:17:15,00:56:43,Stanisław Ptaszyński swim parsed as HH:MM:SS instead of MM:SS; divided by 60
677475,124408,00:09:42,00:00:52,00:29:35,00:00:25,00:16:58,00:57:32,Adrian Wilk swim parsed as HH:MM:SS instead of MM:SS; divided by 60
677475,148436,00:10:09,00:00:51,00:29:36,00:00:30,00:17:10,00:58:16,Karol Janicki swim parsed as HH:MM:SS instead of MM:SS; divided by 60
677475,160314,00:10:12,00:00:52,00:29:30,00:00:28,00:17:24,00:58:26,Tymon Horsten swim parsed as HH:MM:SS instead of MM:SS; divided by 60
677475,181590,00:09:54,00:00:59,00:29:17,00:00:28,00:17:55,00:58:33,Jakub Maliszewski swim parsed as HH:MM:SS instead of MM:SS; divided by 60
677475,182757,00:10:19,00:00:56,00:30:24,00:00:31,00:17:32,00:59:42,Igor Soborski swim parsed as HH:MM:SS instead of MM:SS; divided by 60
677475,161435,00:10:10,00:00:54,00:30:22,00:00:30,00:18:16,01:00:12,Wiktor Zasada swim parsed as HH:MM:SS instead of MM:SS; divided by 60
677475,187693,00:10:09,00:00:56,00:00:00,00:00:00,00:00:00,01:00:17,Łukasz Waniewski swim parsed as HH:MM:SS instead of MM:SS; divided by 60
677475,13365,00:10:09,00:01:00,00:31:07,00:00:34,00:17:40,01:00:30,Bartosz Smeda swim parsed as HH:MM:SS instead of MM:SS; divided by 60
677475,202162,00:10:51,00:00:59,00:30:46,00:00:26,00:17:34,01:00:36,Bartek Kantarowski swim parsed as HH:MM:SS instead of MM:SS; divided by 60
677475,71748,00:10:49,00:01:01,00:30:47,00:00:25,00:17:38,01:00:40,Robert Czysz swim parsed as HH:MM:SS instead of MM:SS; divided by 60
677475,178011,00:11:07,00:00:57,00:30:53,00:00:26,00:17:25,01:00:48,Mateusz Majak swim parsed as HH:MM:SS instead of MM:SS; divided by 60
677475,187074,00:10:08,00:00:59,00:31:10,00:00:30,00:18:02,01:00:49,Tymoteusz Jarząb swim parsed as HH:MM:SS instead of MM:SS; divided by 60
677475,194946,00:10:21,00:00:56,00:30:17,00:00:30,00:19:03,01:01:07,Patryk Mościcki-Zanchi swim parsed as HH:MM:SS instead of MM:SS; divided by 60
677475,195922,00:11:01,00:01:00,00:30:54,00:00:27,00:18:07,01:01:29,Wiktor Jankowiak swim parsed as HH:MM:SS instead of MM:SS; divided by 60
1973,5327,00:00:00,00:00:00,01:21:56,00:00:00,00:32:13,01:54:09,Race 1973: source had swim_s = overall_s for most finishers; zero out the bogus swim
1973,5776,00:00:00,00:00:00,01:21:58,00:00:00,00:32:39,01:54:38,Race 1973: source had swim_s = overall_s for most finishers; zero out the bogus swim
1973,5758,00:00:00,00:00:00,01:22:02,00:00:00,00:32:43,01:54:44,Race 1973: source had swim_s = overall_s for most finishers; zero out the bogus swim
1973,5951,00:00:00,00:00:00,01:22:49,00:00:00,00:32:31,01:55:20,Race 1973: source had swim_s = overall_s for most finishers; zero out the bogus swim
1973,5743,00:00:00,00:00:00,01:23:42,00:00:00,00:31:59,01:55:40,Race 1973: source had swim_s = overall_s for most finishers; zero out the bogus swim
1973,6349,00:00:00,00:00:00,01:22:53,00:00:00,00:33:21,01:56:14,Race 1973: source had swim_s = overall_s for most finishers; zero out the bogus swim
1973,5303,00:00:00,00:00:00,01:21:58,00:00:00,00:34:48,01:56:46,Race 1973: source had swim_s = overall_s for most finishers; zero out the bogus swim
1973,6375,00:00:00,00:00:00,01:22:57,00:00:00,00:34:06,01:57:02,Race 1973: source had swim_s = overall_s for most finishers; zero out the bogus swim
1973,5866,00:21:19,00:00:00,01:01:37,00:00:00,00:34:27,01:57:23,Race 1973: restore real swim - auto MAD wrongly flagged because field median was the swim==overall bug
1973,6361,00:00:00,00:00:00,01:23:42,00:00:00,00:33:42,01:57:23,Race 1973: source had swim_s = overall_s for most finishers; zero out the bogus swim
1973,6376,00:00:00,00:00:00,01:22:58,00:00:00,00:34:46,01:57:45,Race 1973: source had swim_s = overall_s for most finishers; zero out the bogus swim
1973,6374,00:00:00,00:00:00,01:22:53,00:00:00,00:35:20,01:58:13,Race 1973: source had swim_s = overall_s for most finishers; zero out the bogus swim
1973,6351,00:00:00,00:00:00,01:23:41,00:00:00,00:34:35,01:58:15,Race 1973: source had swim_s = overall_s for most finishers; zero out the bogus swim
1973,6364,00:00:00,00:00:00,01:22:05,00:00:00,00:36:14,01:58:19,Race 1973: source had swim_s = overall_s for most finishers; zero out the bogus swim
1973,6356,00:00:00,00:00:00,01:22:05,00:00:00,00:38:15,02:00:20,Race 1973: source had swim_s = overall_s for most finishers; zero out the bogus swim
1973,6368,00:20:33,00:00:00,01:01:33,00:00:00,00:38:24,02:00:29,Race 1973: restore real swim - auto MAD wrongly flagged because field median was the swim==overall bug
1973,6363,00:00:00,00:00:00,01:23:01,00:00:00,00:37:53,02:00:54,Race 1973: source had swim_s = overall_s for most finishers; zero out the bogus swim
1973,6367,00:21:50,00:00:00,01:01:55,00:00:00,00:37:10,02:00:56,Race 1973: restore real swim - auto MAD wrongly flagged because field median was the swim==overall bug
1973,6352,00:21:34,00:00:00,01:02:09,00:00:00,00:37:35,02:01:18,Race 1973: restore real swim - auto MAD wrongly flagged because field median was the swim==overall bug
1973,6369,00:00:00,00:00:00,01:23:44,00:00:00,00:40:51,02:04:36,Race 1973: source had swim_s = overall_s for most finishers; zero out the bogus swim
1973,6362,00:00:00,00:00:00,01:28:44,00:00:00,00:36:37,02:05:21,Race 1973: source had swim_s = overall_s for most finishers; zero out the bogus swim
1973,6855,00:00:00,00:00:00,01:28:47,00:00:00,00:36:55,02:05:42,Race 1973: source had swim_s = overall_s for most finishers; zero out the bogus swim
1973,6858,00:00:00,00:00:00,01:23:48,00:00:00,00:42:04,02:05:52,Race 1973: source had swim_s = overall_s for most finishers; zero out the bogus swim
1973,6402,00:21:56,00:00:00,01:07:22,00:00:00,00:37:16,02:06:35,Race 1973: restore real swim - auto MAD wrongly flagged because field median was the swim==overall bug
1973,6859,00:26:15,00:00:00,01:06:23,00:00:00,00:35:07,02:07:45,Race 1973: restore real swim - auto MAD wrongly flagged because field median was the swim==overall bug
1973,6389,00:00:00,00:00:00,01:28:43,00:00:00,00:39:02,02:07:45,Race 1973: source had swim_s = overall_s for most finishers; zero out the bogus swim
1973,6856,00:00:00,00:00:00,01:32:53,00:00:00,00:35:23,02:08:16,Race 1973: source had swim_s = overall_s for most finishers; zero out the bogus swim
1973,6372,00:00:00,00:00:00,01:28:59,00:00:00,00:42:25,02:11:24,Race 1973: source had swim_s = overall_s for most finishers; zero out the bogus swim
1973,6359,00:00:00,00:00:00,01:30:23,00:00:00,00:41:15,02:11:38,Race 1973: source had swim_s = overall_s for most finishers; zero out the bogus swim
1973,6354,00:00:00,00:00:00,01:35:40,00:00:00,00:36:36,02:12:16,Race 1973: source had swim_s = overall_s for most finishers; zero out the bogus swim
1975234367,1812042395,00:28:17,00:03:02,00:00:00,00:00:00,00:00:00,00:00:00,Anna Bergsten DNF — preserve swim and T1; auto-corr cascade zeroed the real swim time
677299,149968,00:09:23,00:00:30,00:28:25,00:00:35,00:15:55,00:54:48,Overall time has trailing :00 appended (race 677299 ingest quirk); corrected by dropping the extra field
677299,165500,00:09:13,00:00:29,00:28:37,00:00:32,00:16:07,00:54:58,Overall time has trailing :00 appended (race 677299 ingest quirk); corrected by dropping the extra field
677299,135074,00:09:39,00:00:31,00:28:32,00:00:40,00:15:45,00:55:07,Overall time has trailing :00 appended (race 677299 ingest quirk); corrected by dropping the extra field
677299,144817,00:09:20,00:00:32,00:28:26,00:00:38,00:16:19,00:55:15,Overall time has trailing :00 appended (race 677299 ingest quirk); corrected by dropping the extra field
677299,106804,00:09:08,00:00:31,00:28:39,00:00:35,00:16:26,00:55:19,Overall time has trailing :00 appended (race 677299 ingest quirk); corrected by dropping the extra field
677299,139819,00:09:12,00:00:32,00:28:35,00:00:41,00:16:24,00:55:24,Overall time has trailing :00 appended (race 677299 ingest quirk); corrected by dropping the extra field
677299,106431,00:09:43,00:00:30,00:28:29,00:00:36,00:16:16,00:55:34,Overall time has trailing :00 appended (race 677299 ingest quirk); corrected by dropping the extra field
677299,119074,00:09:45,00:00:29,00:28:25,00:00:39,00:16:36,00:55:54,Overall time has trailing :00 appended (race 677299 ingest quirk); corrected by dropping the extra field
677299,102728,00:09:32,00:00:30,00:28:38,00:00:36,00:16:38,00:55:54,Overall time has trailing :00 appended (race 677299 ingest quirk); corrected by dropping the extra field
677299,179295,00:09:17,00:00:29,00:28:34,00:00:35,00:17:12,00:56:07,Overall time has trailing :00 appended (race 677299 ingest quirk); corrected by dropping the extra field
677299,103075,00:09:12,00:00:36,00:28:33,00:00:37,00:17:13,00:56:11,Overall time has trailing :00 appended (race 677299 ingest quirk); corrected by dropping the extra field
677299,116814,00:09:24,00:00:30,00:28:24,00:00:38,00:17:20,00:56:16,Overall time has trailing :00 appended (race 677299 ingest quirk); corrected by dropping the extra field
677299,40710,00:09:24,00:00:33,00:28:19,00:00:42,00:17:26,00:56:24,Overall time has trailing :00 appended (race 677299 ingest quirk); corrected by dropping the extra field
677299,73393,00:09:38,00:00:32,00:28:34,00:00:37,00:17:04,00:56:25,Overall time has trailing :00 appended (race 677299 ingest quirk); corrected by dropping the extra field
677299,163859,00:09:40,00:00:29,00:28:36,00:00:39,00:17:04,00:56:28,Overall time has trailing :00 appended (race 677299 ingest quirk); corrected by dropping the extra field
677299,179297,00:09:42,00:00:34,00:28:37,00:00:40,00:17:04,00:56:37,Overall time has trailing :00 appended (race 677299 ingest quirk); corrected by dropping the extra field
677299,103764,00:09:24,00:00:32,00:28:23,00:00:40,00:17:49,00:56:48,Overall time has trailing :00 appended (race 677299 ingest quirk); corrected by dropping the extra field
677299,98198,00:09:19,00:00:32,00:28:31,00:00:38,00:17:58,00:56:58,Overall time has trailing :00 appended (race 677299 ingest quirk); corrected by dropping the extra field
677299,169330,00:09:43,00:00:31,00:27:57,00:00:33,00:18:20,00:57:04,Overall time has trailing :00 appended (race 677299 ingest quirk); corrected by dropping the extra field
677299,124523,00:09:45,00:00:31,00:28:31,00:00:40,00:17:43,00:57:10,Overall time has trailing :00 appended (race 677299 ingest quirk); corrected by dropping the extra field
677299,185442,00:09:40,00:00:31,00:28:35,00:00:39,00:17:51,00:57:16,Overall time has trailing :00 appended (race 677299 ingest quirk); corrected by dropping the extra field
677299,106994,00:09:21,00:00:32,00:28:31,00:00:42,00:18:18,00:57:24,Overall time has trailing :00 appended (race 677299 ingest quirk); corrected by dropping the extra field
677299,198937,00:09:17,00:00:33,00:28:34,00:00:37,00:18:38,00:57:39,Overall time has trailing :00 appended (race 677299 ingest quirk); corrected by dropping the extra field
677299,102726,00:09:45,00:00:29,00:28:32,00:00:39,00:18:18,00:57:43,Overall time has trailing :00 appended (race 677299 ingest quirk); corrected by dropping the extra field
677299,167758,00:09:52,00:00:31,00:28:21,00:00:38,00:18:26,00:57:48,Overall time has trailing :00 appended (race 677299 ingest quirk); corrected by dropping the extra field
677299,106181,00:09:37,00:00:31,00:28:37,00:00:40,00:18:25,00:57:50,Overall time has trailing :00 appended (race 677299 ingest quirk); corrected by dropping the extra field
677299,186149,00:09:35,00:00:37,00:28:33,00:00:45,00:18:24,00:57:54,Overall time has trailing :00 appended (race 677299 ingest quirk); corrected by dropping the extra field
677299,186340,00:09:08,00:00:33,00:28:41,00:00:36,00:18:58,00:57:56,Overall time has trailing :00 appended (race 677299 ingest quirk); corrected by dropping the extra field
677299,186587,00:09:43,00:00:30,00:28:37,00:00:39,00:18:29,00:57:58,Overall time has trailing :00 appended (race 677299 ingest quirk); corrected by dropping the extra field
677299,142188,00:09:22,00:00:32,00:28:30,00:00:40,00:19:09,00:58:13,Overall time has trailing :00 appended (race 677299 ingest quirk); corrected by dropping the extra field
677299,81152,00:10:19,00:00:31,00:29:20,00:00:40,00:17:35,00:58:25,Overall time has trailing :00 appended (race 677299 ingest quirk); corrected by dropping the extra field
677299,150924,00:10:05,00:00:36,00:29:28,00:00:36,00:17:44,00:58:29,Overall time has trailing :00 appended (race 677299 ingest quirk); corrected by dropping the extra field
677299,141386,00:10:10,00:00:32,00:29:29,00:00:43,00:17:50,00:58:44,Overall time has trailing :00 appended (race 677299 ingest quirk); corrected by dropping the extra field
677299,84890,00:10:06,00:00:31,00:29:33,00:00:37,00:18:05,00:58:52,Overall time has trailing :00 appended (race 677299 ingest quirk); corrected by dropping the extra field
677299,124922,00:09:14,00:00:30,00:28:36,00:00:41,00:19:57,00:58:58,Overall time has trailing :00 appended (race 677299 ingest quirk); corrected by dropping the extra field
677299,182688,00:10:21,00:00:29,00:29:24,00:00:35,00:18:45,00:59:34,Overall time has trailing :00 appended (race 677299 ingest quirk); corrected by dropping the extra field
677299,136602,00:09:32,00:00:32,00:28:46,00:00:42,00:20:09,00:59:41,Overall time has trailing :00 appended (race 677299 ingest quirk); corrected by dropping the extra field
677299,196897,00:09:30,00:00:33,00:28:41,00:00:39,00:20:30,00:59:53,Overall time has trailing :00 appended (race 677299 ingest quirk); corrected by dropping the extra field
672658,124408,00:18:41,00:00:53,01:05:17,00:00:24,00:37:55,02:03:10,Bike split missing 1h prefix
672658,150060,00:18:43,00:00:53,01:05:13,00:00:23,00:44:09,02:09:21,Bike split missing 1h prefix
672658,160316,00:19:52,00:00:51,01:07:19,00:01:00,00:42:42,02:11:44,Bike split missing 1h prefix
672658,194946,00:20:45,00:01:02,01:07:04,00:00:28,00:44:13,02:13:32,Bike split missing 1h prefix
672658,160963,00:19:49,00:00:57,01:09:33,00:00:29,00:45:24,02:16:12,Bike split missing 1h prefix
1975234367,173173,00:00:00,00:00:00,00:00:00,00:00:00,00:00:00,00:00:00,No times found
