athlete_id,name,handle,updated_at
6246,Sarah True,,2026-10-06T08:30:49Z
7776,Flora Duffy,floraduffy,2026-10-07T09:44:46Z
7788,Alistair Brownlee,alistair.brownlee,2026-10-05T14:55:15Z
9801,Patrick Lange,patricklange1,2026-10-06T08:27:54Z
11143,Vincent Luis,vincentluistri,2026-10-06T08:32:00Z
12431,David McNamee,davidmcnameetri,2026-10-07T15:51:14Z
12674,Paula Findlay,paula_findlay,2026-10-05T14:48:46Z
15515,Anne Haug,tri.anne.haug,2026-10-05T14:46:39Z
15750,Grace Thek,gracethek,2026-10-07T15:49:35Z
17043,Ben Kanute,benkanute,2026-10-07T09:45:14Z
28302,Ellie Salthouse,elliesalthouse,2026-10-07T09:48:35Z
30633,Gregory Barnaby,gregory.barnaby,2026-10-07T09:43:26Z
31827,Anna Godoy Contreras,annitagodoy,2026-10-07T09:44:11Z
39137,Amelia Watkinson,ameliarosewatkinson,2026-10-07T15:50:15Z
39664,Holly Lawrence,hollylawrencetri,2026-10-05T14:53:39Z
40311,Marten Van Riel,martenvanriel,2026-10-05T14:49:15Z
41158,Leonie Periault,leonieperio,2026-10-05T14:47:28Z
47630,Gustav Iden,gustav_iden,2026-10-05T14:52:15Z
47901,Rodolphe Von Berg,rudyvonberg,2026-10-07T09:40:21Z
49022,Menno Koolhaas,mennokoolhaas,2026-10-05T14:55:43Z
49108,Antonio Benito Lopez,antoniobenito_,2026-10-07T15:49:56Z
49545,Georgia Taylor-Brown,georgiatb,2026-10-05T14:43:20Z
50760,Sophie Evans,sophiecoldwell,2026-10-06T08:32:45Z
55495,Luke Willian,,2026-10-06T08:31:44Z
63162,Léo Bergere,leobergere,2026-10-05T14:45:42Z
63163,Cassandre Beaugrand,cassandrebeaugrand,2026-10-05T14:43:07Z
64282,Kacper Stepniak,stepniakacper,2026-10-07T09:46:55Z
68330,Emma Pallant,em_pallant,2026-10-05T14:54:05Z
70032,Max Studer,maxstudertri,2026-10-06T08:32:15Z
70413,Laura Lindemann,laura_linran,2026-10-06T08:27:09Z
71161,Sian Rainsley,sian_rainsley,2026-10-07T15:49:18Z
71738,Gianluca Pozzatti,gingip,2026-10-07T15:51:30Z
74419,Alberto Gonzalez Garcia,albertogonzaleztri,2026-10-05T14:54:26Z
76434,Casper Stornes,casperstornes,2026-10-05T14:47:44Z
78775,Jessica Learmonth,jesslearmonth,2026-10-07T15:50:53Z
79065,Lisa Tertsch,lisa_tertsch,2026-10-05T14:52:31Z
79066,Nina Eim,ninaeim,2026-10-05T14:54:42Z
79706,Charles Paquet,charles_paquet,2026-10-06T08:32:31Z
80795,Matthew Hauser,matt_hauser,2026-10-05T14:42:43Z
81334,Taylor Spivey,tkspivey,2026-10-05T14:46:54Z
82486,Marta Sanchez Hernandez,martasan95,2026-10-07T15:50:37Z
84816,Julie Derron,juliederron,2026-10-05T14:52:00Z
85218,Daniel Bækkegård,danielbaekkegard,2026-10-07T09:42:42Z
86042,Vasco Vilaca,vascovilaca,2026-10-05T14:44:01Z
88205,Samuel Dickinson,samdickotri,2026-10-07T15:52:16Z
93402,Martin Sobey,martin.sobey,2026-10-07T15:52:50Z
94446,Csongor Lehmann,lehmanncsongor,2026-10-05T14:47:12Z
94515,Solveig Løvseth,solveig_lovseth,2026-10-05T14:48:04Z
96441,Mathis Margirier,mathismargirier,2026-10-07T15:48:42Z
96694,Sam Laidlow,samlaidlow,2026-10-05T14:45:57Z
98121,Ricardo Batista,ricfbat,2026-10-05T14:52:46Z
98269,Caroline Pohle,caro_pohle,2026-10-07T09:43:08Z
103632,Dylan McCullough,dylanmccullough_,2026-10-06T08:27:39Z
104333,Jessica Fullagar,jessica_fullagar,2026-10-07T09:40:40Z
106358,Roksana Slupek,roksana.slupek,2026-10-07T09:47:12Z
106885,Tim Hellwig,timhellwig99,2026-10-06T08:34:10Z
107730,Alessio Crociani,__alessiocrociani__,2026-10-07T09:46:01Z
112892,Chelsea Sodaro,chelseasodaro,2026-10-05T14:54:58Z
114712,Lucy Charles-Barclay,lucycharles93,2026-10-05T14:44:20Z
117212,Beth Potter,bethpotter91,2026-10-05T14:44:38Z
117231,Clement Mignon,clementmignon_tri,2026-10-07T09:47:59Z
123392,Morgan Pearson,morgan_cadwell_pearson,2026-10-07T09:48:21Z
125064,Henry Graf,henry_graf,2026-10-06T08:29:05Z
125375,Emma Lombardi,emma__lombardi,2026-10-05T14:48:21Z
125627,Tanja Neubert,tanjaneubert_,2026-10-07T09:40:03Z
127900,Rico Bogen,ricobogen,2026-10-07T09:40:56Z
128063,Yanis Seguin,yanisseguin,2026-10-07T15:51:47Z
128064,Marjolaine Pierre,marjooolaiine,2026-10-07T09:41:15Z
132753,Diana Isakova,isakova__73,2026-10-07T09:39:01Z
135877,Tilda Månsson,tilda_mansson,2026-10-06T08:28:44Z
135880,Mika Noodt,mika.noodt,2026-10-06T08:34:30Z
158795,Ilona Hadhoum,ilona_hadhoum,2026-10-07T15:52:03Z
159411,Trevor Foley,tfoleyracing,2026-10-07T09:41:30Z
168492,Léa Houart,leaaa.houart,2026-10-07T09:47:34Z
169633,Nils Serre Gehri,nils_serre,2026-10-07T09:46:17Z
176057,Alanis Siffert,alanis.siffert,2026-10-07T09:45:02Z
177434,Katrina Matthews,katr_matthews,2026-10-05T14:45:25Z
116867676,Hannah Berry,dr_hannah_wells,2026-10-06T08:33:53Z
548500102,Nick Thompson,nick_thompson00,2026-10-07T15:52:36Z
589378969,Skye Moench,skyemoench,2026-10-06T08:33:33Z
692696266,Laura Philipp,,2026-10-05T14:45:00Z
763470935,Jeanni Metzler,jeanni_metzler,2026-10-07T09:44:31Z
810217695,Imogen Simmonds,imosimmonds,2026-10-06T08:29:20Z
894585663,Jackie Hering,jackiemhering,2026-10-07T09:39:17Z
898367828,Radka Kahlefeldt,radkakahlefeldt1,2026-10-07T15:49:03Z
975589552,Katrine Græsbøll Christensen,,2026-10-07T09:45:34Z
1752691345,Magnus Ditlev,magnuselbaekditlev,2026-10-05T14:46:22Z
1879426764,Matthew Marquardt,matthewdmarquardt,2026-10-05T14:53:25Z
2111082254,Sam Long,samgolong,2026-10-05T14:55:27Z
